{
  "project": {
    "version": "1.0.0",
    "name": "Noticer"
  },
  "apps": [
    {
      "root": "src",
      "outDir": "dist",
      "assets": [
        "assets",
        "noticericon.ico"
      ],
      "index": "index.html",
      "main": "main.ts",
      "polyfills": "polyfills.ts",
      "test": "test.ts",
      "tsconfig": "tsconfig.app.json",
      "testTsconfig": "tsconfig.spec.json",
      "prefix": "app",
      "styles": [
        "styles/app.scss",
        "../node_modules/font-awesome/css/font-awesome.css",
        "../node_modules/select2/dist/css/select2.min.css",
        "../node_modules/alertifyjs/build/css/alertify.css",
        "../node_modules/alertifyjs/build/css/themes/default.css",
        "../node_modules/primeng/resources/themes/omega/theme.css",
        "../node_modules/primeng/resources/primeng.min.css"
      ],
      "scripts": [
        "../node_modules/jquery/dist/jquery.min.js",
        "../node_modules/select2/dist/js/select2.min.js",
        "../node_modules/alertifyjs/build/alertify.js"
      ],
      "environmentSource": "environments/environment.ts",
      "environments": {
        "dev": "environments/environment.ts",
        "prod": "environments/environment.prod.ts"
      }
    }
  ],
  "e2e": {
    "protractor": {
      "config": "./protractor.conf.js"
    }
  },
  "lint": [
    {
      "project": "src/tsconfig.app.json",
      "exclude": "**/node_modules/**"
    },
    {
      "project": "src/tsconfig.spec.json",
      "exclude": "**/node_modules/**"
    },
    {
      "project": "e2e/tsconfig.e2e.json",
      "exclude": "**/node_modules/**"
    }
  ],
  "test": {
    "karma": {
      "config": "./karma.conf.js"
    }
  },
  "defaults": {
    "styleExt": "css",
    "component": {}
  }
}